<?xml version="1.0" encoding="UTF-8" standalone="yes"?>
<manifest>
  <control namespace="IT" constructor="Chart3D" version="0.0.1" display-name-key="Chart3D" description-key="Chart3D description" control-type="standard" api-version="1.3.15">
    <external-service-usage enabled="false"/>
    <data-set name="sampleDataSet" display-name-key="Dataset_Display_Key"/>
    <property name="chartType" display-name-key="Chart Type" description-key="Chart Type" of-type="Enum" usage="input" required="true" default-value="comfortable">
      <value name="Pie Chart" display-name-key="Pie Chart">Pie Chart</value>
      <value name="Bar Chart" display-name-key="Bar Chart">Bar Chart</value>
      <value name="Column Chart" display-name-key="Column Chart">Column Chart</value>
      <value name="Line Chart" display-name-key="Line Chart">Line Chart</value>
    </property>
    <resources>
      <code path="bundle.js" order="1"/>
      <css path="css/Chart3D.css" order="1"/>
    </resources>
    <built-by name="pac" version="1.34.3"/>
  </control>
</manifest>